Model Name	Ontology	Sort Score	OWA Fmax	OWA MCC	OWA AUPRC	CWA Fmax	CWA AUPRC	Parameters Set ID	Params
classic+fuzzy	MF	0.7657114086171232	0.9886665828595618	0.5589584169672565	0.9418665404139345	0.8782054271660293	0.4608600756788343	2	"{""max_depth"": 8, ""min_data_in_leaf"": 1, ""min_gain_to_split"": 0.1, ""max_bin"": 256, ""lr"": 0.03, ""lambda_l2"": 1, ""use_hess"": true, ""gd_steps"": 2, ""colsample"": 0.05, ""subsample"": 0.6, ""ntrees"": 6000, ""es"": 200}"
fuzzy-more_negatives	MF	0.7608157334920398	0.9655266490736628	0.5561108106829549	0.9407531948363177	0.8787193266358393	0.462968686231424	2	"{""max_depth"": 8, ""min_data_in_leaf"": 1, ""min_gain_to_split"": 0.1, ""max_bin"": 256, ""lr"": 0.03, ""lambda_l2"": 1, ""use_hess"": true, ""gd_steps"": 2, ""colsample"": 0.05, ""subsample"": 0.6, ""ntrees"": 6000, ""es"": 200}"
classic+fuzzy-more_negatives	MF	0.754970478779961	0.9678491380435289	0.5362002650815336	0.8999326714637199	0.885261029670087	0.4856092896409357	8	"{""max_depth"": 4, ""min_data_in_leaf"": 3, ""min_gain_to_split"": 10.0, ""max_bin"": 128, ""lr"": 0.1, ""lambda_l2"": 1, ""use_hess"": true, ""gd_steps"": 1, ""colsample"": 0.4, ""subsample"": 1.0, ""ntrees"": 4500, ""es"": 200}"
classic+conditional_negatives-more_negatives	MF	0.6867684728132957	0.960522072974697	0.3379345615197625	0.7641997330901178	0.8842065958208692	0.4869794006610314	2	"{""max_depth"": 8, ""min_data_in_leaf"": 1, ""min_gain_to_split"": 0.1, ""max_bin"": 256, ""lr"": 0.03, ""lambda_l2"": 1, ""use_hess"": true, ""gd_steps"": 2, ""colsample"": 0.05, ""subsample"": 0.6, ""ntrees"": 6000, ""es"": 200}"
conditional_negatives-more_negatives	MF	0.6848273271979726	0.9598609663536533	0.34844141533268524	0.7741997053004012	0.8636897554061213	0.47794479359700237	8	"{""max_depth"": 4, ""min_data_in_leaf"": 3, ""min_gain_to_split"": 10.0, ""max_bin"": 128, ""lr"": 0.1, ""lambda_l2"": 1, ""use_hess"": true, ""gd_steps"": 1, ""colsample"": 0.4, ""subsample"": 1.0, ""ntrees"": 4500, ""es"": 200}"
classic+conditional_negatives	MF	0.6844176598526377	0.9571473441101598	0.3550990189808499	0.7954412708245119	0.8581151485210996	0.4562855168265672	2	"{""max_depth"": 8, ""min_data_in_leaf"": 1, ""min_gain_to_split"": 0.1, ""max_bin"": 256, ""lr"": 0.03, ""lambda_l2"": 1, ""use_hess"": true, ""gd_steps"": 2, ""colsample"": 0.05, ""subsample"": 0.6, ""ntrees"": 6000, ""es"": 200}"
classic	MF	0.6771864909289158	0.9523025549604786	0.3194112021241998	0.724927987899061	0.8913042308044447	0.49798647885639485	3	"{""max_depth"": 4, ""min_data_in_leaf"": 50, ""min_gain_to_split"": 10.0, ""max_bin"": 64, ""lr"": 0.01, ""lambda_l2"": 0.1, ""use_hess"": true, ""gd_steps"": 1, ""colsample"": 0.8, ""subsample"": 0.5, ""ntrees"": 10000, ""es"": 100}"
fuzzy	MF	0.6528727580018636	0.9894905080282446	0.6064620157890377	0.9429937099431396	0.33572850440506646	0.38968905184383	2	"{""max_depth"": 8, ""min_data_in_leaf"": 1, ""min_gain_to_split"": 0.1, ""max_bin"": 256, ""lr"": 0.03, ""lambda_l2"": 1, ""use_hess"": true, ""gd_steps"": 2, ""colsample"": 0.05, ""subsample"": 0.6, ""ntrees"": 6000, ""es"": 200}"
classic+fuzzy	BP	0.5793499021015586	0.9771443926311013	0.35550455565329875	0.9158691974635462	0.4535564888228435	0.19467487593700308	12	"{""max_depth"": 8, ""min_data_in_leaf"": 50, ""min_gain_to_split"": 1.0, ""max_bin"": 255, ""lr"": 0.005, ""lambda_l2"": 100, ""use_hess"": true, ""gd_steps"": 2, ""colsample"": 0.3, ""subsample"": 0.9, ""ntrees"": 22500, ""es"": 200}"
classic+fuzzy-more_negatives	CC	0.5770102946324369	0.8999353972913323	0.4786012705990191	0.7631583807512394	0.47903110494851814	0.2643253195720757	4	"{""max_depth"": 5, ""min_data_in_leaf"": 5, ""min_gain_to_split"": 2.0, ""max_bin"": 256, ""lr"": 0.01, ""lambda_l2"": 1, ""use_hess"": true, ""gd_steps"": 1, ""colsample"": 0.4, ""subsample"": 0.9, ""ntrees"": 5000, ""es"": 150}"
classic+fuzzy	CC	0.5766731819197551	0.9001848761960295	0.48054621460181024	0.7591882780562924	0.47952173031832623	0.2639248104263173	4	"{""max_depth"": 5, ""min_data_in_leaf"": 5, ""min_gain_to_split"": 2.0, ""max_bin"": 256, ""lr"": 0.01, ""lambda_l2"": 1, ""use_hess"": true, ""gd_steps"": 1, ""colsample"": 0.4, ""subsample"": 0.9, ""ntrees"": 5000, ""es"": 150}"
conditional_negatives	MF	0.5714577291434964	0.9520239096142079	0.38069972771464844	0.7631127815530843	0.33427673661680046	0.42717549021874046	10	"{""max_depth"": 12, ""min_data_in_leaf"": 10, ""min_gain_to_split"": 2.0, ""max_bin"": 255, ""lr"": 0.08, ""lambda_l2"": 50, ""use_hess"": false, ""gd_steps"": 3, ""colsample"": 0.4, ""subsample"": 0.5, ""ntrees"": 4500, ""es"": 200}"
fuzzy-more_negatives	CC	0.563755736465646	0.8978780740127621	0.4919205736211767	0.7636906800706922	0.4374080232103801	0.22788133141321937	4	"{""max_depth"": 5, ""min_data_in_leaf"": 5, ""min_gain_to_split"": 2.0, ""max_bin"": 256, ""lr"": 0.01, ""lambda_l2"": 1, ""use_hess"": true, ""gd_steps"": 1, ""colsample"": 0.4, ""subsample"": 0.9, ""ntrees"": 5000, ""es"": 150}"
fuzzy	CC	0.560520273118262	0.8971964282418335	0.4820803762820257	0.7583967246885583	0.4412844338021299	0.22364340257676316	4	"{""max_depth"": 5, ""min_data_in_leaf"": 5, ""min_gain_to_split"": 2.0, ""max_bin"": 256, ""lr"": 0.01, ""lambda_l2"": 1, ""use_hess"": true, ""gd_steps"": 1, ""colsample"": 0.4, ""subsample"": 0.9, ""ntrees"": 5000, ""es"": 150}"
classic	CC	0.5556668320045136	0.8187469813004751	0.39056730816143026	0.6334320053470025	0.6497678729583688	0.28581999225529114	4	"{""max_depth"": 5, ""min_data_in_leaf"": 5, ""min_gain_to_split"": 2.0, ""max_bin"": 256, ""lr"": 0.01, ""lambda_l2"": 1, ""use_hess"": true, ""gd_steps"": 1, ""colsample"": 0.4, ""subsample"": 0.9, ""ntrees"": 5000, ""es"": 150}"
classic+conditional_negatives-more_negatives	CC	0.5490906900502729	0.85298852031905	0.4354187104205843	0.7103817841090387	0.4817654522803373	0.2648989831223542	4	"{""max_depth"": 5, ""min_data_in_leaf"": 5, ""min_gain_to_split"": 2.0, ""max_bin"": 256, ""lr"": 0.01, ""lambda_l2"": 1, ""use_hess"": true, ""gd_steps"": 1, ""colsample"": 0.4, ""subsample"": 0.9, ""ntrees"": 5000, ""es"": 150}"
classic+conditional_negatives	CC	0.5466561703133259	0.8516834960453723	0.4257947715631907	0.7083499531498016	0.48243292996361886	0.2650197008446462	4	"{""max_depth"": 5, ""min_data_in_leaf"": 5, ""min_gain_to_split"": 2.0, ""max_bin"": 256, ""lr"": 0.01, ""lambda_l2"": 1, ""use_hess"": true, ""gd_steps"": 1, ""colsample"": 0.4, ""subsample"": 0.9, ""ntrees"": 5000, ""es"": 150}"
conditional_negatives-more_negatives	CC	0.5431266037071693	0.8533682212060374	0.4415062306928927	0.716302533968312	0.46032618271809644	0.244129849950508	4	"{""max_depth"": 5, ""min_data_in_leaf"": 5, ""min_gain_to_split"": 2.0, ""max_bin"": 256, ""lr"": 0.01, ""lambda_l2"": 1, ""use_hess"": true, ""gd_steps"": 1, ""colsample"": 0.4, ""subsample"": 0.9, ""ntrees"": 5000, ""es"": 150}"
conditional_negatives	CC	0.5396694013180477	0.8509452332468411	0.4378076042484733	0.7131596881065114	0.4537179254267427	0.2427165555616701	4	"{""max_depth"": 5, ""min_data_in_leaf"": 5, ""min_gain_to_split"": 2.0, ""max_bin"": 256, ""lr"": 0.01, ""lambda_l2"": 1, ""use_hess"": true, ""gd_steps"": 1, ""colsample"": 0.4, ""subsample"": 0.9, ""ntrees"": 5000, ""es"": 150}"
fuzzy-more_negatives	BP	0.5378698349838246	0.957219489036237	0.2929971304389663	0.7820319202025108	0.4581239943067889	0.19897664093461978	2	"{""max_depth"": 8, ""min_data_in_leaf"": 1, ""min_gain_to_split"": 0.1, ""max_bin"": 256, ""lr"": 0.03, ""lambda_l2"": 1, ""use_hess"": true, ""gd_steps"": 2, ""colsample"": 0.05, ""subsample"": 0.6, ""ntrees"": 6000, ""es"": 200}"
classic+fuzzy-more_negatives	BP	0.5362276278588355	0.9513706453052456	0.25617757754541653	0.7668869198937508	0.49334883898633947	0.21335415756342468	2	"{""max_depth"": 8, ""min_data_in_leaf"": 1, ""min_gain_to_split"": 0.1, ""max_bin"": 256, ""lr"": 0.03, ""lambda_l2"": 1, ""use_hess"": true, ""gd_steps"": 2, ""colsample"": 0.05, ""subsample"": 0.6, ""ntrees"": 6000, ""es"": 200}"
classic+conditional_negatives	BP	0.5035580339300629	0.9414925713316993	0.21852620192963715	0.7331809871565249	0.41013610017684005	0.21445430905561286	7	"{""max_depth"": 12, ""min_data_in_leaf"": 50, ""min_gain_to_split"": 0.5, ""max_bin"": 255, ""lr"": 0.005, ""lambda_l2"": 0.1, ""use_hess"": true, ""gd_steps"": 3, ""colsample"": 0.05, ""subsample"": 0.7, ""ntrees"": 22500, ""es"": 200}"
classic+conditional_negatives-more_negatives	BP	0.5029330880323266	0.9414925713316993	0.19244222896208352	0.6724554703305952	0.4851567946454008	0.22311837489185427	3	"{""max_depth"": 4, ""min_data_in_leaf"": 50, ""min_gain_to_split"": 10.0, ""max_bin"": 64, ""lr"": 0.01, ""lambda_l2"": 0.1, ""use_hess"": true, ""gd_steps"": 1, ""colsample"": 0.8, ""subsample"": 0.5, ""ntrees"": 10000, ""es"": 100}"
fuzzy	BP	0.49978605723797875	0.9833435111157781	0.35770892622529593	0.9198869068660737	0.11617775304734704	0.1218131889353989	3	"{""max_depth"": 4, ""min_data_in_leaf"": 50, ""min_gain_to_split"": 10.0, ""max_bin"": 64, ""lr"": 0.01, ""lambda_l2"": 0.1, ""use_hess"": true, ""gd_steps"": 1, ""colsample"": 0.8, ""subsample"": 0.5, ""ntrees"": 10000, ""es"": 100}"
classic	BP	0.49941510310772685	0.9414925713316993	0.1556583463991661	0.6275257790492175	0.5335912232178399	0.23880759554071146	4	"{""max_depth"": 5, ""min_data_in_leaf"": 5, ""min_gain_to_split"": 2.0, ""max_bin"": 256, ""lr"": 0.01, ""lambda_l2"": 1, ""use_hess"": true, ""gd_steps"": 1, ""colsample"": 0.4, ""subsample"": 0.9, ""ntrees"": 5000, ""es"": 150}"
conditional_negatives-more_negatives	BP	0.4899718140548902	0.9414925713316993	0.18627491767440704	0.6810928542389976	0.43751727617035546	0.203481450858992	7	"{""max_depth"": 12, ""min_data_in_leaf"": 50, ""min_gain_to_split"": 0.5, ""max_bin"": 255, ""lr"": 0.005, ""lambda_l2"": 0.1, ""use_hess"": true, ""gd_steps"": 3, ""colsample"": 0.05, ""subsample"": 0.7, ""ntrees"": 22500, ""es"": 200}"
conditional_negatives	BP	0.4402794782380865	0.9414925713316993	0.2409709372423059	0.7435318450887566	0.11768540290294845	0.1577166346247224	7	"{""max_depth"": 12, ""min_data_in_leaf"": 50, ""min_gain_to_split"": 0.5, ""max_bin"": 255, ""lr"": 0.005, ""lambda_l2"": 0.1, ""use_hess"": true, ""gd_steps"": 3, ""colsample"": 0.05, ""subsample"": 0.7, ""ntrees"": 22500, ""es"": 200}"
